query,workflow,answer
"A 90-year-old patient presents with chest pain for 9 days, headache for 5 days, rash for 10 days, fatigue for 3 days, diarrhea for 10 days. Oxygen saturation is 96%, and body temperature is 100.4°F. Medical history includes asthma. Recent hospital stay.",Vitals-First with Comorbidity Overlay,Home care
"A 35-year-old patient presents with rash for 7 days, chest pain for 4 days, loss of smell for 5 days, nausea for 4 days, headache for 5 days. Oxygen saturation is 88%, and body temperature is 102.0°F. Medical history includes chronic kidney disease. Recent hospital stay.",Vitals-First with Comorbidity Overlay,ER referral
"A 36-year-old patient presents with rash for 4 days, shortness of breath for 3 days. Oxygen saturation is 92%, and body temperature is 100.4°F. Medical history includes hypertension, CHF. No known exposure.",Vitals-First with Comorbidity Overlay,Urgent clinical evaluation
"A 86-year-old patient presents with diarrhea for 6 days, loss of smell for 5 days, headache for 4 days, nausea for 2 days, chest pain for 1 days. Oxygen saturation is 88%, and body temperature is 98.6°F. Medical history includes none. Recent travel abroad.",Vitals-First with Comorbidity Overlay,ER referral
"A 59-year-old patient presents with dry cough for 9 days, nausea for 7 days. Oxygen saturation is 97%, and body temperature is 101.2°F. Medical history includes none. Recent travel abroad.",Vitals-First with Comorbidity Overlay,Outpatient evaluation
"A 63-year-old patient presents with diarrhea for 1 days, dry cough for 10 days, chest pain for 2 days, loss of smell for 7 days, fever for 4 days. Oxygen saturation is 96%, and body temperature is 98.6°F. Medical history includes chronic kidney disease, COPD. No known exposure.",Vitals-First with Comorbidity Overlay,Home care
"A 68-year-old patient presents with fatigue for 4 days, rash for 7 days, dry cough for 8 days, loss of smell for 3 days, shortness of breath for 2 days. Oxygen saturation is 92%, and body temperature is 98.6°F. Medical history includes none. Close contact with a sick relative.",Vitals-First with Comorbidity Overlay,Outpatient evaluation
"A 87-year-old patient presents with fatigue for 8 days, diarrhea for 2 days, rash for 9 days. Oxygen saturation is 96%, and body temperature is 103.0°F. Medical history includes none. No known exposure.",Vitals-First with Comorbidity Overlay,Urgent clinical evaluation
"A 20-year-old patient presents with fatigue for 5 days, diarrhea for 5 days, shortness of breath for 6 days, loss of smell for 9 days. Oxygen saturation is 97%, and body temperature is 99.5°F. Medical history includes hypertension. No known exposure.",Vitals-First with Comorbidity Overlay,Home care
"A 7-year-old patient presents with shortness of breath for 7 days, loss of smell for 5 days, nausea for 2 days. Oxygen saturation is 92%, and body temperature is 99.5°F. Medical history includes asthma, chronic kidney disease. Close contact with a sick relative.",Vitals-First with Comorbidity Overlay,Urgent clinical evaluation
"A 34-year-old patient presents with dry cough for 1 days, rash for 2 days, diarrhea for 1 days, fatigue for 2 days. Oxygen saturation is 97%, and body temperature is 98.6°F. Medical history includes CHF, asthma. Recent hospital stay.",Symptom Cluster Then Escalation,Outpatient evaluation
"A 77-year-old patient presents with dry cough for 2 days, fatigue for 1 days, loss of smell for 6 days, diarrhea for 6 days, nausea for 8 days. Oxygen saturation is 95%, and body temperature is 103.0°F. Medical history includes chronic kidney disease. Recent hospital stay.",Symptom Cluster Then Escalation,Outpatient evaluation
"A 12-year-old patient presents with chest pain for 6 days, rash for 6 days. Oxygen saturation is 95%, and body temperature is 101.2°F. Medical history includes none. Close contact with a sick relative.",Symptom Cluster Then Escalation,ER referral
"A 76-year-old patient presents with chest pain for 4 days, rash for 2 days, diarrhea for 5 days. Oxygen saturation is 96%, and body temperature is 101.2°F. Medical history includes CHF. Recent hospital stay.",Symptom Cluster Then Escalation,ER referral
"A 40-year-old patient presents with fever for 2 days, fatigue for 2 days, nausea for 8 days, headache for 8 days, diarrhea for 8 days. Oxygen saturation is 94%, and body temperature is 101.2°F. Medical history includes HIV. Recent hospital stay.",Symptom Cluster Then Escalation,Outpatient evaluation
"A 81-year-old patient presents with dry cough for 4 days, fatigue for 7 days, shortness of breath for 10 days, fever for 4 days, chest pain for 7 days. Oxygen saturation is 98%, and body temperature is 101.2°F. Medical history includes diabetes, CHF. Recent travel abroad.",Symptom Cluster Then Escalation,ER referral
"A 43-year-old patient presents with nausea for 8 days, diarrhea for 4 days, rash for 1 days, shortness of breath for 5 days, chest pain for 5 days. Oxygen saturation is 96%, and body temperature is 100.4°F. Medical history includes diabetes, HIV. Recent travel abroad.",Symptom Cluster Then Escalation,ER referral
"A 19-year-old patient presents with fatigue for 4 days, rash for 6 days, fever for 10 days, dry cough for 4 days. Oxygen saturation is 90%, and body temperature is 102.0°F. Medical history includes none. Recent travel to outbreak area.",Symptom Cluster Then Escalation,Outpatient evaluation
"A 89-year-old patient presents with diarrhea for 3 days, nausea for 3 days. Oxygen saturation is 97%, and body temperature is 99.5°F. Medical history includes none. No known exposure.",Symptom Cluster Then Escalation,Outpatient evaluation
"A 37-year-old patient presents with shortness of breath for 3 days, dry cough for 6 days. Oxygen saturation is 94%, and body temperature is 102.0°F. Medical history includes CHF. Recent hospital stay.",Symptom Cluster Then Escalation,ER referral
"A 61-year-old patient presents with fever for 10 days, nausea for 8 days, rash for 6 days, dry cough for 5 days, fatigue for 6 days. Oxygen saturation is 88%, and body temperature is 101.2°F. Medical history includes CHF, asthma. Recent travel abroad.",Duration-Weighted Symptom Score,Outpatient evaluation
"A 67-year-old patient presents with diarrhea for 8 days, rash for 3 days, shortness of breath for 10 days, chest pain for 7 days, headache for 2 days. Oxygen saturation is 92%, and body temperature is 103.0°F. Medical history includes CHF. Recent travel to outbreak area.",Duration-Weighted Symptom Score,Outpatient evaluation
"A 45-year-old patient presents with loss of smell for 1 days, rash for 2 days. Oxygen saturation is 88%, and body temperature is 98.6°F. Medical history includes none. Recent travel abroad.",Duration-Weighted Symptom Score,Home care
"A 57-year-old patient presents with fatigue for 7 days, loss of smell for 8 days, headache for 9 days. Oxygen saturation is 97%, and body temperature is 100.4°F. Medical history includes none. Recent travel to outbreak area.",Duration-Weighted Symptom Score,Home care
"A 75-year-old patient presents with shortness of breath for 10 days, headache for 5 days, rash for 7 days, fever for 10 days, dry cough for 2 days. Oxygen saturation is 88%, and body temperature is 102.0°F. Medical history includes none. Close contact with a sick relative.",Duration-Weighted Symptom Score,Urgent clinical evaluation
"A 87-year-old patient presents with chest pain for 9 days, loss of smell for 3 days, shortness of breath for 2 days, headache for 10 days. Oxygen saturation is 92%, and body temperature is 103.0°F. Medical history includes asthma. Recent travel abroad.",Duration-Weighted Symptom Score,Outpatient evaluation
"A 26-year-old patient presents with shortness of breath for 6 days, fever for 3 days, nausea for 1 days, diarrhea for 2 days, headache for 2 days. Oxygen saturation is 97%, and body temperature is 98.6°F. Medical history includes asthma. Recent travel to outbreak area.",Duration-Weighted Symptom Score,Outpatient evaluation
"A 16-year-old patient presents with fatigue for 4 days, rash for 8 days. Oxygen saturation is 98%, and body temperature is 101.2°F. Medical history includes asthma. Recent travel to outbreak area.",Duration-Weighted Symptom Score,Home care
"A 85-year-old patient presents with nausea for 1 days, dry cough for 6 days, chest pain for 6 days, rash for 1 days. Oxygen saturation is 94%, and body temperature is 99.5°F. Medical history includes asthma, diabetes. No known exposure.",Duration-Weighted Symptom Score,Home care
"A 85-year-old patient presents with shortness of breath for 8 days, nausea for 10 days, fatigue for 7 days, diarrhea for 8 days, rash for 1 days. Oxygen saturation is 92%, and body temperature is 99.5°F. Medical history includes none. Recent hospital stay.",Duration-Weighted Symptom Score,Outpatient evaluation
"A 88-year-old patient presents with nausea for 7 days, shortness of breath for 4 days. Oxygen saturation is 92%, and body temperature is 100.4°F. Medical history includes diabetes. Close contact with a sick relative.",Immunosuppression Priority Pathway,Home care
"A 61-year-old patient presents with rash for 8 days, dry cough for 9 days, chest pain for 7 days. Oxygen saturation is 94%, and body temperature is 100.4°F. Medical history includes asthma. Recent hospital stay.",Immunosuppression Priority Pathway,Outpatient evaluation
"A 79-year-old patient presents with chest pain for 8 days, shortness of breath for 1 days, dry cough for 7 days, fatigue for 7 days. Oxygen saturation is 95%, and body temperature is 101.2°F. Medical history includes COPD. Recent hospital stay.",Immunosuppression Priority Pathway,Outpatient evaluation
"A 32-year-old patient presents with shortness of breath for 3 days, dry cough for 4 days, headache for 4 days, diarrhea for 5 days, rash for 9 days. Oxygen saturation is 95%, and body temperature is 99.5°F. Medical history includes diabetes. No known exposure.",Immunosuppression Priority Pathway,Outpatient evaluation
"A 88-year-old patient presents with dry cough for 3 days, fatigue for 7 days, chest pain for 9 days, nausea for 5 days. Oxygen saturation is 88%, and body temperature is 98.6°F. Medical history includes none. Recent travel abroad.",Immunosuppression Priority Pathway,Outpatient evaluation
"A 24-year-old patient presents with dry cough for 6 days, headache for 1 days, fever for 9 days, fatigue for 6 days. Oxygen saturation is 95%, and body temperature is 103.0°F. Medical history includes diabetes, COPD. Recent travel to outbreak area.",Immunosuppression Priority Pathway,Outpatient evaluation
"A 57-year-old patient presents with nausea for 9 days, headache for 8 days, fatigue for 8 days, loss of smell for 6 days, rash for 5 days. Oxygen saturation is 94%, and body temperature is 98.6°F. Medical history includes none. No known exposure.",Immunosuppression Priority Pathway,Home care
"A 56-year-old patient presents with nausea for 7 days, shortness of breath for 10 days. Oxygen saturation is 98%, and body temperature is 102.0°F. Medical history includes COPD. Recent hospital stay.",Immunosuppression Priority Pathway,Home care
"A 58-year-old patient presents with shortness of breath for 3 days, chest pain for 2 days, fatigue for 3 days, headache for 9 days, rash for 3 days. Oxygen saturation is 88%, and body temperature is 102.0°F. Medical history includes hypertension. Recent hospital stay.",Immunosuppression Priority Pathway,Home care
"A 79-year-old patient presents with fever for 3 days, fatigue for 9 days, headache for 4 days, shortness of breath for 8 days, chest pain for 3 days. Oxygen saturation is 92%, and body temperature is 100.4°F. Medical history includes hypertension. Recent travel abroad.",Immunosuppression Priority Pathway,Outpatient evaluation
